eb612f980f8170c5293e8fba07d513c0;Bootstrap.php
77a73f26d17d71a691b4b1f5771c4ff9;Plugins.php
7d2b8f3aa3cf84866ef8b949107a5f3d;account/address_form.tpl
c48208cd25ffe91d1aa65d37958e0068;account/change_password.tpl
ab9c586c1bb643d439e4329106c07263;account/delete_account.tpl
b9ab89cb97233063fa892bdec830c05f;account/downloads.tpl
9822decb03755de663742828f20b2c62;account/feedback.tpl
5a8dc7b2dd6930860a16187de1c4b14b;account/index.tpl
1a3668ba796f6cbd4e28f417b8d13363;account/login.tpl
87d3bd6e9951cab72c4101891f4b0d30;account/my_account.tpl
b0a69d8be911ed9d40f8d7be5ea2985b;account/order_details.tpl
66ca4a8b7a82d6f144c1be72183cc144;account/order_item.tpl
71ad82ff615a0bc71e85b711aa71dc20;account/orders.tpl
c5f1e6949f1d794982f28bfe734d8e99;account/password.tpl
f08a7dfe46cd45db9d3c0d6cdad63c7f;account/retrospective_payment.tpl
7096370cb4fdc8a8aa6b72f1b0966b8c;account/uploads.tpl
82e293b0c63e81d2df8c768d0fdbbdca;basket/cart_dropdown.tpl
17293a064f52d31308101f82118bfef7;basket/cart_dropdown_label.tpl
4ec1062d8ac1f0d4f4dcf81de2341df6;basket/cart_items.tpl
e91865bd35b2fae25778675b4233939e;basket/index.tpl
c74a50f00db92552875e8227d33239e2;blog/details.tpl
180f316fb6c39ab96eb788bcdfbab436;blog/index.tpl
2b41983538177757fbbd3645f5f13cce;blog/overview.tpl
45b40880adbc2d1a97c3706653d64fbd;blog/preview.tpl
df71a4ee4f3618c83560adfc5635960d;boxes/box_basket.tpl
55b8f697ffe11973d53720aae883532e;boxes/box_bestseller.tpl
60704cc3ef9ef9d55043a088ee478e3d;boxes/box_categories.tpl
2f481adb23738a19a3d7f10bab3f4887;boxes/box_coming_soon.tpl
1de1d5cd50830faca6bf4085e29227cb;boxes/box_comparelist.tpl
5afeee55de98da6fb510233f482bf0ff;boxes/box_container.tpl
84f77de501afcbe8e513bbc76269fc49;boxes/box_custom.tpl
ef109500d28c53549971b1f52194254b;boxes/box_custom_empty.tpl
64ac51456571cc2af385cd0c7d49a6b5;boxes/box_direct_purchase.tpl
bf29702646f52c3508b77a1b53d04b20;boxes/box_filter_availability.tpl
163b03d1dc4cdf412b5dc0d05a6bf4c2;boxes/box_filter_category.tpl
f78521eaa4b2f32dd7c5c6c8f2ff6f08;boxes/box_filter_characteristics.tpl
e2986139047a6956d239473c60364efb;boxes/box_filter_manufacturer.tpl
cf8f2771e547a38f66590ce06d38e32b;boxes/box_filter_pricerange.tpl
fb00a6d44d061d4969ab8bb2bd975eae;boxes/box_filter_rating.tpl
88d12658dd12b96409c7444c415afb86;boxes/box_filter_search.tpl
02639a3d638706cf8633d24218460342;boxes/box_filter_search_special.tpl
7424f1b801491df6add610a7a07c67db;boxes/box_last_seen.tpl
c2f822adc5f59a3df4d8835964aacc37;boxes/box_linkgroups.tpl
e28bda2b65865fca2c6055fb6b30b6b0;boxes/box_login.tpl
7530dd50c0bc424f5a35b902c4c8abff;boxes/box_manufacturers.tpl
ca5bf7169a95c3e124de053cce8e80d6;boxes/box_new_in_stock.tpl
a014a5a7c3263baaa7f133d497f29a3f;boxes/box_news_categories.tpl
3331bb521326025a9298013d754bba6d;boxes/box_news_month.tpl
eb2c23be9dc8b042b26104a6c9f97f86;boxes/box_search_cloud.tpl
a4104c0403d1967eab0dfeaf327da1c8;boxes/box_special_offer.tpl
73042e941264f227b7cf556f8fe7a8c8;boxes/box_top_offer.tpl
a1fd867e8525077b84805057ee399335;boxes/box_top_rated.tpl
306dee4f6651bd4c1a776f7358e495b7;boxes/box_wishlist.tpl
880db192aaf67998c753757062cc3913;checkout/coupon_form.tpl
e486964a04f18fa4cfa12a98175941c9;checkout/credit_form.tpl
9ff23de46f212e3238d33d6154f327aa;checkout/customer_shipping_address.tpl
b14d860b54b2d2a4da76a29ae34f6cff;checkout/customer_shipping_contact.tpl
67bd2bbbea9336081b086e1c7b382b1c;checkout/inc_billing_address.tpl
dee0f2854b3d8a9a9161c336a4053dc6;checkout/inc_billing_address_form.tpl
8b50ecd4d9af7be3c8e488647c7c0c1d;checkout/inc_delivery_address.tpl
b4a743e82adb300d45bfb81d02a7446a;checkout/inc_order_completed.tpl
6d0c71e302c674189323e3227f9ac7f3;checkout/inc_order_items.tpl
60850519b6608c9d22d98da8d04078b9;checkout/inc_payment_methods.tpl
39d9e5eb3b8e86b66e031a301dda5431;checkout/inc_paymentmodules.tpl
31d64ac0df75d86bec11b9601733433c;checkout/inc_shipping_address.tpl
8682daf83627e2530c9bfdfcb0ad1dae;checkout/inc_steps.tpl
176bd5faefbd971bf1d9c50622c3307e;checkout/index.tpl
9e2267b363f1801393479d208c2c8c23;checkout/modules/creditcard.tpl
72f6932b5dedb590c4e752dec61dc4b6;checkout/modules/direct_debit.tpl
3aaf6fb5aed15fde7eec0196e0fa2c8b;checkout/modules/paypal/bestellabschluss.tpl
90268bc15b1ad5a0e6883b14fff486ee;checkout/order_completed.tpl
d2c5dc1312e66805bd4aaa218718f4b7;checkout/step0_login_or_register.tpl
fe658602460110dadef29ac774c71ed3;checkout/step1_edit_customer_address.tpl
dec18192601b6781b06e2fa8d1072d04;checkout/step3_shipping_options.tpl
3918697ea18794235c08f66491263034;checkout/step4_payment_additional.tpl
fb98ebc2d4032e5631651c3c78148000;checkout/step4_payment_options.tpl
9060330dd7a0572e7b86100e3db55686;checkout/step5_confirmation.tpl
dbeac631cce051bce4c54f8406e306c7;checkout/step6_init_payment.tpl
1b3b2deaef33a92f89100d8c1923b5b1;comparelist/index.tpl
bbcc3d745cffb22676f55635cb25637a;contact/index.tpl
5764544e3c950ab41698e4b37c61cbce;images/overlay/original/overlay_1_1.png
0fc4137a4549cc0d21da373fedcc0810;images/overlay/original/overlay_1_2.png
2805346a1f8ba8500f5d8e7be60c7cd5;images/overlay/original/overlay_1_3.png
4d75a6738294b65d6a9ac5ba9a19c807;images/overlay/original/overlay_1_4.png
81aeab85632903ed8a0307325a167740;images/overlay/original/overlay_1_5.png
bb912279b064c69c6703d6bef4be28fe;images/overlay/original/overlay_1_6.png
1f418e20773d804969f5f7a59ae547af;images/overlay/original/overlay_1_7.png
6aad65e2db94fe45492c58443070b214;images/overlay/original/overlay_1_8.png
f94e2a67c4bc029286aabd5ec31e53fb;images/overlay/original/overlay_1_9.png
cfa80ef7e1ae41b499f5e836109dccb5;js/Chart.bundle.js
86cc8cd0eb5d5a2b42c1fa46b922d338;js/Chart.bundle.min.js
b0835101493d528611cea6a82231178d;js/app/app.js
50557359eb701db850629de17c2f2a87;js/app/globals.js
5ba590e3f0c4a47b0bda923656ca5329;js/app/helpers.js
30544e017b01cb45ee22b20ca81b853d;js/app/plugins/navscrollbar.js
b7e0438f9171f02d00a63a787aab8ff5;js/app/plugins/tabdrop.js
f88f2714b2c0eed36cfa031fac9f601c;js/app/snippets/form-counter.js
4910af8723bafb117ec6b04291b4d0dd;js/app/views/header.js
f3925908c8800458ea074ad459eeaa1a;js/app/views/productdetails.js
4587e74b159d27df769e571aab4f6c7d;js/bootstrap-select.js
303dd8f19ba7e079197da5f19fc4e8b3;js/bootstrap-select.js.map
a917e388f441ad141b2da48ad3183af8;js/bootstrap-select.min.js
a2262bf08a2211be78a5faff0d800310;js/bootstrap-toolkit.js
d38ecc48a4303501a23f4b3518c189ce;js/bootstrap.bundle.js
632b558c5072c82a97bb18ee54384502;js/bootstrap.bundle.js.map
90146f01d8a2028ed6f2c3d2fba4ac9b;js/bootstrap.bundle.min.js
55d28e5bfeb873b4c080c5eb7246aa99;js/bootstrap.bundle.min.js.map
1b215257de24e3d5dd9e1774604349ed;js/bootstrap.js
a7692221bad60ae82665e760c78283a2;js/bootstrap.js.map
99e3544139e4735274587a831002ebae;js/bootstrap.min.js
88b1b3454b97568fab0a5521d075b91b;js/bootstrap.min.js.map
85a4d9114f41a7e9b53c955b8e827e47;js/colcade.js
98308061c39f603f4c4fa0190e208686;js/consent.js
0b22f48d67a2f87964ec1b7b43c2d4a3;js/consent.youtube.js
4160f80800fbe4de9b6b271bc2d912bd;js/custom.js
0ac96c3df4695999e7d848611da0d240;js/eModal.js
e852c9d5bd2038d15edce40be8cf717d;js/eModal.min.js
95e6011a174a6a2fdcf28630caff40c6;js/fileinput/fileinput.min.js
17de3afd8b22c1a1b29152504e903a81;js/fileinput/locales/LANG.js
22cf5a06035d5715c335c70324b14c25;js/fileinput/locales/ar.js
19d480ea81e975cdbbaaca5d66cc2844;js/fileinput/locales/az.js
c2623d11edcbd04d5f3d04876a5e4610;js/fileinput/locales/bg.js
b23a8dded2f81bb919766340b4428a04;js/fileinput/locales/ca.js
2e59e616bdc8c04121e7e9fbd127516c;js/fileinput/locales/cr.js
2180f578722e40fdcb66c2facebf37d1;js/fileinput/locales/cs.js
9af2f6a91c31411f87059ce92148c196;js/fileinput/locales/da.js
71b88b31a9c29b684b84bf6fb2d81526;js/fileinput/locales/de.js
e27b6194eb652076c7e5755eb9a7a680;js/fileinput/locales/el.js
ca096187b2c6115c8963fa3da97c3fcc;js/fileinput/locales/es.js
8c8d25d91fd2860e9cf4f54af23dcd73;js/fileinput/locales/et.js
d1b1712996d391e0c639c653ef2ea82b;js/fileinput/locales/fa.js
85061be89393a8b6601dae471ceed480;js/fileinput/locales/fi.js
35b1fdcfd04bbf7ae17bed7c4aeb3133;js/fileinput/locales/fr.js
600d55f53fe855da732fcd8be035426b;js/fileinput/locales/gl.js
016d4450c73e432c4c71c96a7a58b8e7;js/fileinput/locales/he.js
05d5a141b70edcb2b4af156edc9e940d;js/fileinput/locales/hu.js
21abfcdb8901a02ccf42186a16f7c245;js/fileinput/locales/id.js
ddae01b883a6b6b3edf40a5977d40744;js/fileinput/locales/it.js
891b35c3330b556ad3b118b58be64f83;js/fileinput/locales/ja.js
70127722bd15e8ba514cbd299fb63acf;js/fileinput/locales/ka.js
6a1822a54a98252f6341692552837b31;js/fileinput/locales/kr.js
17221cf0c52ad54591ce9eb25cea404c;js/fileinput/locales/kz.js
d582c4e9e7c6b02d23bb58164a7714e4;js/fileinput/locales/lt.js
302d9d2595862d049cb474ad1fc17869;js/fileinput/locales/nl.js
3066202592afabdea7fd7dd0f2c680a9;js/fileinput/locales/no.js
71955e7ac27748d8f994a31968802d00;js/fileinput/locales/pl.js
338b28e805a46fd2bf2957cdc9e7d124;js/fileinput/locales/pt-BR.js
947fe93f8e5ae2d9f8e3e43a1505fdcd;js/fileinput/locales/pt.js
46a3e89e51ae190023ad7ce6317b7d41;js/fileinput/locales/ro.js
527bce217a4d8ba31080ba792f8fae75;js/fileinput/locales/ru.js
c63e019c9b88ed30ab47de3dec06ae69;js/fileinput/locales/sk.js
cc01358b4da2d3c8bd72090b77a8d263;js/fileinput/locales/sl.js
48e10ef41c918bbe43660047817fe8b2;js/fileinput/locales/sv.js
a73b5e55075c33857d400cddc0c6912c;js/fileinput/locales/th.js
f9c39a66c44fde82514e7e0022caebda;js/fileinput/locales/tr.js
5389b8d19120fc5ae13d7e6a951f7601;js/fileinput/locales/uk.js
577e8c719b7c8a487e409f6630d9ba4f;js/fileinput/locales/uz.js
8f47a72efa7a0417899132ce2bc48d1d;js/fileinput/locales/vi.js
162e888eeae1f534961435578acf8a8f;js/fileinput/locales/zh-TW.js
fdd52a0f796edd68de7f0643cec80448;js/fileinput/locales/zh.js
a2756b17ed1dd0e6ea84f57cb1b2cd52;js/fileinput/themes/explorer-fa/theme.css
295440c4cb1c27f540835b67b1de30c5;js/fileinput/themes/explorer-fa/theme.js
ca0ed05338b1bb180af3b91b3f702c7c;js/fileinput/themes/explorer-fa/theme.min.css
f9e99ac2fc6ae72a259208fe2f0aaa6f;js/fileinput/themes/explorer-fa/theme.min.js
6f7b97b41692d4f10b37e415162a14a0;js/fileinput/themes/explorer-fas/theme.css
24a5d1a78d92d87c49140f6db94f42ba;js/fileinput/themes/explorer-fas/theme.js
c14fe88a91daf8dca4dd00ff183ef3bb;js/fileinput/themes/explorer-fas/theme.min.css
440019f6ff16985148705c622598e387;js/fileinput/themes/explorer-fas/theme.min.js
7ee9ef6cecd9696f84f2be097e75799f;js/fileinput/themes/explorer/theme.css
888a7777cca4dd664d7d60ee22376185;js/fileinput/themes/explorer/theme.js
1631ec0fb4f4baf1d8b70056ec9f7f1a;js/fileinput/themes/explorer/theme.min.css
5d1ca82be27704bb80bed27522dddff4;js/fileinput/themes/explorer/theme.min.js
748f0bfd5bc1f3974349531535f7480f;js/fileinput/themes/fa/theme.js
43a02ebf299ee8aa61357f6b9d285fc4;js/fileinput/themes/fa/theme.min.js
d45de88ecc6662e8052e6a87cceb5135;js/fileinput/themes/fas/theme.js
5c51a7d552c018715145d0216c5fcb24;js/fileinput/themes/fas/theme.min.js
d797d476bb21b24404dd394c7e672e90;js/fileinput/themes/gly/theme.js
cc45040f39754445cec8df362c30c96d;js/fileinput/themes/gly/theme.min.js
a1fee77d5637a02106547f0acad11e86;js/global.js
b148b57cf09e1de98b446009c12b402b;js/jqcloud.js
12b69d0ae6c6f0c42942ae6da2896e84;js/jquery-3.5.1.min.js
0cf3f8b677dcd27b6d46f4a56d65fdb2;js/jquery.nivo.slider.pack.js
c87c1d56a0f4c1f5736cf5e2e5288515;js/jquery.serialize-object.min.js
3d29831fd7979aca31b7d0963e537885;js/jtl.article.js
1cea233a25526ca1726a95a9ea57d488;js/jtl.basket.js
b41120f37df4e7920a2822c0f6332d69;js/jtl.evo.js
6266d2760ba9ce80e0af4206425beb49;js/jtl.io.js
b5292df3431ced16b033d8b198079f06;js/lazysizes.min.js
8fcb5dd3389d2392888d6390d6d6e41d;js/nouislider.min.js
ca13e0c8eee04011dfa63c97cbaf90e3;js/parallax.min.js
9ad6e7dec5bf2a6b8fd7315122f80788;js/password/password.min.css
943864f979d280430b2160af98b296f2;js/password/password.min.js
442e476bf50e3da0cdae8c7bc1fa069d;js/password/passwordstrength.jpg
27ee51f6a3c39dcfb78df2237665b51b;js/popper.js
1022eaf388cc780bcfeb6456157adb7d;js/popper.min.js
489db4c1021ca6348f56e6fa80b728c1;js/popper.min.js.map
21792e16cd2b55c85bd56fc5b987ec02;js/slick-lightbox.js
1028e0e69e1e8e8d205333ac9b629958;js/slick-lightbox.min.js
e5c8ebae11d35481fd1aa2eba1758f3d;js/slick-lightbox.min.js.map
cfa5df7b7f60663caff9c1d682808d3e;js/slick.js
8e3ef73a2cb4f7e1999638ed75b72496;js/slick.min.js
81225aba7ad4e8f8c163fe4e8876ab48;js/typeahead.bundle.js
6315f69ef6e28ba941c86c861a47e183;js/wow.min.js
d6e046aeac9d2910f9c4529c6b6540cd;layout/breadcrumb.tpl
ef24705670dd282308e8b57a5af047f4;layout/footer.tpl
3e0a2c976086a210d8352d16bf211f0c;layout/header.tpl
d2213173124d46213c8eb1e79f340fe0;layout/header_nav_icons.tpl
6ab15c18b9eff8cc95ee800ea4306c14;layout/header_nav_search.tpl
ed265e7607ab09cfbc361ca036ce2160;layout/header_shop_nav_account.tpl
db4bd845a8de3821bd2cf524acbea824;layout/header_shop_nav_compare.tpl
66f40ad111cfbfd860a25b3819941c3f;layout/header_shop_nav_wish.tpl
7c93407d97535fa43d39e9cde3172fc2;layout/header_top_bar.tpl
bfbb788512595df6c785c4a434aa402b;layout/index.tpl
5554495ff74a225e743e88576e9a48fc;layout/modal_footer.tpl
53b85543afab133ba760dcfed54477b1;layout/modal_header.tpl
45cc6158113d6f99e24d389bf6b5ad13;locale/de-DE/base.mo
df2cb5510a17880ee6f1562034e90402;locale/de-DE/base.po
544153a373df812059b6dcb605403543;locale/en-GB/base.mo
ce1c508fea9ea570e96730a75e576260;locale/en-GB/base.po
8834515f93ff06b12b6c66124299bf76;newsletter/index.tpl
37ae538e9b1a70f8ec7a2f0b253040c8;page/404.tpl
f55e50086a1379814753aaae50731989;page/free_gift.tpl
f1719d175c686e8c1efc8fa56663918a;page/index.tpl
b4ed34d0d4965781ca5308a069096fe7;page/livesearch.tpl
4c7a37b884429abe6f46fd305015b36c;page/manufacturers.tpl
451f00661464cd8c04b24856a1ec0bb7;page/newsletter_archive.tpl
7e3c85f5da99671bc248e98c135226fb;page/shipping.tpl
acf5015eb0418e7b92b85a325f14d268;page/sitemap.tpl
1a2f89226b0c9a71caecc7602d6b6d74;php/functions.php
a338f41215a9c25b2be62b46e574cf6e;preview.png
eaca5ad073ce830e4dbb0b400c8563e8;productdetails/attributes.tpl
314e820522468da26165f8b377cbbca4;productdetails/availability_notification_form.tpl
75b1db30a100abbbd38dfa3c8b185f12;productdetails/basket.tpl
fd120bc4fc36235505924871b5f34f35;productdetails/bundle.tpl
c05f7d4c26cc3f75edb2f823cc0b3bf4;productdetails/config.tpl
c62ceab44926e90ec535b26a1c4978f4;productdetails/config_container.tpl
57116df7eb87f167f660a4cc3c610e9e;productdetails/config_options.tpl
99e90fa253e4ce352d6bed09d3de86c8;productdetails/config_sidebar.tpl
745c38a012a5485af0b0dce07c2ec58f;productdetails/config_summary.tpl
ad5163a62420b08f4c5f188d111880e7;productdetails/details.tpl
045cfebb19dc437cca7faf81fcafbfd5;productdetails/download.tpl
95d0ab6d98a118e905ba323716814696;productdetails/image.tpl
9cb10e6a70e7b35d8027cb8b322d6d10;productdetails/index.tpl
81b3c1476147e75b4a9af9dcbd6be611;productdetails/matrix.tpl
ea2859fc6945c21c82c3d04f9e304835;productdetails/matrix_classic.tpl
189a54909819d167aa1fe32806ee71db;productdetails/matrix_list.tpl
b4f5d5e648e1af2e51db0dcaca226d41;productdetails/mediafile.tpl
61e4a10c169d81829bd5a34b4b196633;productdetails/mediafile_youtube_embed.tpl
b9206b3873c1d8063a5a858244eb95ae;productdetails/popups.tpl
92454900754d5b7289cce84b15356e3f;productdetails/price.tpl
3a1bbdaf205024f1c799d9478ec4478b;productdetails/price_history.tpl
11d19623d9f6a1863e8dbedd36779c25;productdetails/product_images_modal.tpl
eaeeb317e40239bdf6342ddd55be7460;productdetails/pushed.tpl
396cfc99e15fc1c700d16dd6a6a9f298;productdetails/pushed_success.tpl
803fab6422675070515677103ee8452b;productdetails/question_on_item.tpl
e7ebc293683f19c4f3e52e6d1c4b8879;productdetails/rating.tpl
37f2b86816d0953e985abf47b2ad6c85;productdetails/review_form.tpl
51e04d690a8a26d67491b3f3d18c3129;productdetails/review_item.tpl
8ccc3245eaf89f0a9b602139d7a4d679;productdetails/reviews.tpl
c65222be668f63186b88b8ce44faae89;productdetails/stock.tpl
0da7438a9dff583f9b21e64794f37fd9;productdetails/tabs.tpl
fd357881cbfc49abdc58bfb312725f5c;productdetails/variation.tpl
d02b95f7701c100fe51866dbb5ff10c9;productdetails/variation_value.tpl
6f45c548028376cc29ca2df6ef91da67;productdetails/warehouse.tpl
c15075a2b14e1068d445727b4ba7bd60;productlist/footer.tpl
93309fddcb7533904018be15de0b09a7;productlist/header.tpl
5034939f4548b0cda272a0ff1d9ab63e;productlist/index.tpl
66b4d0ce677f6da11f823ae7032512da;productlist/item_box.tpl
2d818a6d5074ed2cf6494542003dd5db;productlist/item_delivery_status.tpl
48aada187675dab222a569b7c3da4ecf;productlist/item_details.tpl
c523bc1eebfbe221cb9df6c8d990c50d;productlist/item_list.tpl
4f1320e0485089d52af138011f8609c0;productlist/item_slider.tpl
db93e0f4d2725b765e432eaf9dd2e165;productlist/layout_options.tpl
b3bf57c2557316055405e06712af1600;productlist/productlist_actions.tpl
06301e127d984eacc36456fba619502d;productlist/result_options.tpl
7c0c833acedc36ce96d1a16118fd198a;register/form.tpl
0e9fcda8d41b30684136a615540c1cab;register/form/customer_account.tpl
1312f2666f39b5f901da736bb8f50d0e;register/form/customer_login.tpl
46f837ca65da64c06c0f61acf67527f1;register/index.tpl
d08907b062cf770bc23c0f6539ff1ca0;selectionwizard/form.tpl
093d11086c65891a68a8a80130963a85;selectionwizard/index.tpl
21685ac4e95ae7c314018d80ae0c0f52;selectionwizard/question.tpl
ee50a975781167f458cf0f01b742d4b4;snippets/alert.tpl
9fad1def4031aa8840c0df14fe448406;snippets/alert_list.tpl
6eb9a254d5d070a8f62b29739c6a5ffd;snippets/author.tpl
1d7c0449ebe15e106102c7c651d999ee;snippets/banner.tpl
3b34c0b0bd05f1ac59a2d5edc9fbd470;snippets/categories_mega.tpl
b75f4f2581f5f72112002b081e8f1436;snippets/categories_mega_recursive.tpl
9f2e664d4ec8a24bd55254b650e2f468;snippets/categories_offcanvas.tpl
f39be2c5851e6dbe1b04683ac22a65fe;snippets/categories_recursive.tpl
1c1754a900ba59f2c5f91ba1cdb9816f;snippets/checkbox.tpl
20880b111a7b5bdeb83bdab692d9f6c5;snippets/comparelist_button.tpl
f998e18976ca09da8855baa1839ed6bd;snippets/comparelist_dropdown.tpl
9b60610b75e81053b6f7b626f0b5a662;snippets/consent_manager.tpl
f3e56b09a5996fe2fc1e28b8c5e96828;snippets/extension.tpl
980610943cda3e5dd9fc8fa1e0446f84;snippets/filter/active_filter.tpl
4aea2197d4a63436a5063462da185d42;snippets/filter/characteristic.tpl
355205efd819f13a35042c40731e3e7f;snippets/filter/custom.tpl
fc37c58e7db4211488ad082b3148f7fb;snippets/filter/genericFilterItem.tpl
551d7cb33cf301fc696ef3c5d1937af7;snippets/filter/manufacturer.tpl
31d2bd934469d6e94a41e5a208f8cba5;snippets/filter/mobile.tpl
78e1c8519ee0759902a8b99a01cd6bdd;snippets/filter/price_slider.tpl
b819ee19d690989aa2945c0396b5e915;snippets/filter/search.tpl
759fd72b41d014211114cdee576f01ec;snippets/filter/search_in_items.tpl
50ab064131afea75c0f9f0bcb1212e43;snippets/form_group_simple.tpl
a5889eaeb38a7e5434f47423a7db2c7a;snippets/image.tpl
c2aa4cdc6dda6d1dc8e08ec94f7063db;snippets/language_dropdown.tpl
7d86d100b0c183c614eb4351c797ba60;snippets/linkgroup_list.tpl
a178d28d13d9a19210736739d8e5bffc;snippets/linkgroup_recursive.tpl
fe0353727a68ce6c847cdef5d0c8dda3;snippets/maintenance.tpl
fc4027338d23550537c7a898924a61bf;snippets/newscategories_recursive.tpl
5edcf88b2566593e694bc8041900fde2;snippets/notification.tpl
44ee6968c54a759027193869879a63fc;snippets/pagination.tpl
50a44d3747d697cc8e383c8351133f78;snippets/password_check.tpl
2e86e380d03ba35305d334c894601177;snippets/product_slider.tpl
4a221d68e3da7382caa55910491f1162;snippets/productlist_page_nav.tpl
1d07179d9b4385e24ac4ab6bf02e93f0;snippets/ribbon.tpl
6ed677f29d3b9a4ba0ce2d5668280ea2;snippets/scroll_top.tpl
f3a2f92ebb5f85971be8b8155e3ae7e4;snippets/search_form.tpl
3d9118fa514f73fcadb59e6e9ab9cc2c;snippets/shipping_calculator.tpl
57851761f93ba3d7118403205c1e6fcd;snippets/shipping_tax_info.tpl
7e50a41fbb0ba783a98e6baf9d480b33;snippets/simple_captcha.tpl
2d2a3fa9de258e3edee4de2b1910511c;snippets/slider.tpl
bb91f620be842cf366e4240c8976321d;snippets/slider_items.tpl
619e9094cf5de28b197535988c127b9f;snippets/stock_status.tpl
48f8f2210989b53ddbda8b155cdb900e;snippets/suggestion.tpl
ee267326d8f590ab3a93b472cf1831e0;snippets/uploads.tpl
3ea4faf38177d10815576b3e39a141cf;snippets/wishlist.tpl
bf181e41b38e70799671f701b5f01536;snippets/wishlist_button.tpl
3ce61d84dbb6e2e69eca9e6e37138f30;snippets/wishlist_dropdown.tpl
04d67da3143a4cdeb93400639a52b04c;template.xml
649c1e820862f585f5c0c82430ffbe54;themes/base/bootstrap-select/bootstrap-select.scss
9a9ad62de9ec7c1ec202c8929edea23d;themes/base/bootstrap-select/variables.scss
59b1fab1d0e433ac6b3f2bd8d9d2c3ec;themes/base/bootstrap/bootstrap-grid.css
8b6a1b6e9749bb8637fa4fe96c08bcff;themes/base/bootstrap/bootstrap-grid.css.map
1e27436a87ce418b8caca6cc46ba6881;themes/base/bootstrap/bootstrap-reboot.css
7647a130c26582144fee811bd71646d1;themes/base/bootstrap/bootstrap-reboot.css.map
2a39f543a51f4e609d76590886bd7368;themes/base/bootstrap/bootstrap.css
32089e92ed054912b5bc2d377428c930;themes/base/bootstrap/bootstrap.css.map
f3cea8d46257bf09f3f11390d10dee08;themes/base/bootstrap/scss/_alert.scss
ce84cd07128b49e5edfcdab05123e960;themes/base/bootstrap/scss/_badge.scss
593dae30ffab78067e0246600ae6112d;themes/base/bootstrap/scss/_breadcrumb.scss
aa313e235a305e61e181f81a853df629;themes/base/bootstrap/scss/_button-group.scss
a14555de3d652f322647d802782c8525;themes/base/bootstrap/scss/_buttons.scss
f0880bb93e3d1608efd91b6130cdc065;themes/base/bootstrap/scss/_card.scss
a0ab7731b492a38303fdf625d18ac325;themes/base/bootstrap/scss/_carousel.scss
51dbb30057470076825034eeafba90e3;themes/base/bootstrap/scss/_close.scss
498c7818162f2b57176558feaac02c31;themes/base/bootstrap/scss/_code.scss
8ed379aeb7dbb21eb1f5ed2bed919559;themes/base/bootstrap/scss/_custom-forms.scss
004fc619373edc79779cec6a48efc606;themes/base/bootstrap/scss/_dropdown.scss
bb9293737788f9ec19803b528f785f44;themes/base/bootstrap/scss/_forms.scss
d75a92d54893e69df4a1bc7af539afc0;themes/base/bootstrap/scss/_functions.scss
0737b1e79491e9605a0e0186549a1249;themes/base/bootstrap/scss/_grid.scss
218dcc5eaa6e67eb43f8c6d629eef3fc;themes/base/bootstrap/scss/_images.scss
fe89d4fe198f08c4f92966f0dfa29073;themes/base/bootstrap/scss/_input-group.scss
469e50b5e8a404a65ad66d3783f38c01;themes/base/bootstrap/scss/_jumbotron.scss
0d46407205e4bbc98417414f6dfdb3da;themes/base/bootstrap/scss/_list-group.scss
d2ea169e5ccb567ff12e945885a90fa6;themes/base/bootstrap/scss/_media.scss
3123d0b4c5feba595c28c84f0436cb4e;themes/base/bootstrap/scss/_mixins.scss
a9fc9a5d57dd08c15cadafbb71a82f65;themes/base/bootstrap/scss/_modal.scss
bb60b4179affd152c90d83985121aa7c;themes/base/bootstrap/scss/_nav.scss
97597340c889cb970b52c4d533dd5052;themes/base/bootstrap/scss/_navbar.scss
3981c7395c92f07cc44f3815d39cd9fb;themes/base/bootstrap/scss/_pagination.scss
49fd98c83cf11f91e59968ee9504f1f5;themes/base/bootstrap/scss/_popover.scss
c479623bb7bd05a970cc47a75f3134fc;themes/base/bootstrap/scss/_print.scss
68b581cd74e56680eb7fe57288ed7fb7;themes/base/bootstrap/scss/_progress.scss
1ad6498abb2ac34ff55b819f0227f715;themes/base/bootstrap/scss/_reboot.scss
111c0270ee49008df62a2e9ba0078f01;themes/base/bootstrap/scss/_root.scss
0c3e41d8baef9d6ccae6ae3c7a89cd01;themes/base/bootstrap/scss/_spinners.scss
ec7f2a3120db952b694dd0e9f871419c;themes/base/bootstrap/scss/_tables.scss
e41c135b11357c79b57b7bb68f98bfb0;themes/base/bootstrap/scss/_toasts.scss
5d57c5d99a000fac65e92d9858034856;themes/base/bootstrap/scss/_tooltip.scss
3718dbf96921102bc26ac3224f2de72a;themes/base/bootstrap/scss/_transitions.scss
9762358542b2fd82891cd92ed6dcd6ca;themes/base/bootstrap/scss/_type.scss
413e7a2eee667aadfd121c6bc426ada7;themes/base/bootstrap/scss/_utilities.scss
57de234a51960d098bfb19ca9aa6dc84;themes/base/bootstrap/scss/_variables.scss
9b04f897ac094d29f92166b77d7b1ca7;themes/base/bootstrap/scss/bootstrap-grid.scss
525a1d9f7af8542dd89cec1b49141347;themes/base/bootstrap/scss/bootstrap-reboot.scss
f7858643654930b33cc89958fd4778be;themes/base/bootstrap/scss/bootstrap.scss
2bed73c51e646a7d2e30f05d02864101;themes/base/bootstrap/scss/mixins/_alert.scss
c616ce854b35a5b1ab1bff80818e112c;themes/base/bootstrap/scss/mixins/_background-variant.scss
9245d772f26fa773f3f1cfcc57c3b46c;themes/base/bootstrap/scss/mixins/_badge.scss
b1fe7aa86dc0fc007ce01a2b7f2916d2;themes/base/bootstrap/scss/mixins/_border-radius.scss
e50901e86d7f225f22a5f088e8726276;themes/base/bootstrap/scss/mixins/_box-shadow.scss
9a14819fe9ca5e92c4b264126c626947;themes/base/bootstrap/scss/mixins/_breakpoints.scss
0d1d3c2ef8c450663b671ebe2e7c172a;themes/base/bootstrap/scss/mixins/_buttons.scss
fc2f3d41523c58e8c50d02d58c182751;themes/base/bootstrap/scss/mixins/_caret.scss
f8d39651a1054cf73e1d56ad398c0af0;themes/base/bootstrap/scss/mixins/_clearfix.scss
19856441739526899f902c884f3d2b58;themes/base/bootstrap/scss/mixins/_deprecate.scss
87899ae33449eea6ce1d4bc0aabace07;themes/base/bootstrap/scss/mixins/_float.scss
cf45c43ecd1edeb3163115de6c6ebbd7;themes/base/bootstrap/scss/mixins/_forms.scss
0f44c939a3f29492ccc0cbd62499f940;themes/base/bootstrap/scss/mixins/_gradients.scss
d8b65a6bd2d9038fd0ae007731dcb968;themes/base/bootstrap/scss/mixins/_grid-framework.scss
e69b8f35ff14645a690c1638c4417514;themes/base/bootstrap/scss/mixins/_grid.scss
60a4287f9d84cfb0ffbd73beb5dee528;themes/base/bootstrap/scss/mixins/_hover.scss
a9ffbfa74b3977d0f0ec60d26d83e2ad;themes/base/bootstrap/scss/mixins/_image.scss
d3000f3208a4f7f91a2336bfc729c131;themes/base/bootstrap/scss/mixins/_list-group.scss
deb8df605dc4faaf23c52f20948be296;themes/base/bootstrap/scss/mixins/_lists.scss
24720d5c00af52ebe44bcc3b2b66a9b9;themes/base/bootstrap/scss/mixins/_nav-divider.scss
89f0d99dff6d6c54feab5056360f4186;themes/base/bootstrap/scss/mixins/_pagination.scss
1ddcdf93d8d2f170349cce70e12df44f;themes/base/bootstrap/scss/mixins/_reset-text.scss
af032cea5fd5e37d9a5a8b971e290ff4;themes/base/bootstrap/scss/mixins/_resize.scss
ecf79552908b3f1e5c42f37b2c6b3e12;themes/base/bootstrap/scss/mixins/_screen-reader.scss
07e14cdbaee0d59ce17c0b0b35542db3;themes/base/bootstrap/scss/mixins/_size.scss
2fc9394e48aa92ee1059c219fa5407f1;themes/base/bootstrap/scss/mixins/_table-row.scss
47485aaa1da5e72c134628854be72aa1;themes/base/bootstrap/scss/mixins/_text-emphasis.scss
31dc39c6f1caeeb8a58a2b61f0b85ef2;themes/base/bootstrap/scss/mixins/_text-hide.scss
c51a1018bf42368c45eb12d6ac16f938;themes/base/bootstrap/scss/mixins/_text-truncate.scss
c079e56eb3f2960b3cb0b4fe4360e3af;themes/base/bootstrap/scss/mixins/_transition.scss
3d3bc176127e434b66ffc633db0a4cb9;themes/base/bootstrap/scss/mixins/_visibility.scss
2d85a42f5904cead7a9371485c63dce5;themes/base/bootstrap/scss/utilities/_align.scss
73dbbd77bc941f159b25726aed86c987;themes/base/bootstrap/scss/utilities/_background.scss
14aedc8584c94e4231e96d9dc927afdc;themes/base/bootstrap/scss/utilities/_borders.scss
01ed6cc705196c6f0fe33300de134ee7;themes/base/bootstrap/scss/utilities/_clearfix.scss
8af96c91de4e92e373a40d5f9b87cd91;themes/base/bootstrap/scss/utilities/_display.scss
1c78e1a002da525341721756f81c4ee1;themes/base/bootstrap/scss/utilities/_embed.scss
6a75ca706305a0a90e6c2d8d9f0ea162;themes/base/bootstrap/scss/utilities/_flex.scss
caa8e0a1ce2bab5af0c96dfbefe3dd9b;themes/base/bootstrap/scss/utilities/_float.scss
884dc37842449baa62e4d04cde52c2b3;themes/base/bootstrap/scss/utilities/_interactions.scss
db617c241dbced8683a23c0428717633;themes/base/bootstrap/scss/utilities/_overflow.scss
0ca5a3796af56ce5a9eb8997463e41a9;themes/base/bootstrap/scss/utilities/_position.scss
84c388e27d908d2489d1724f464cdc71;themes/base/bootstrap/scss/utilities/_screenreaders.scss
8d38293481d07336b8811782205e50c8;themes/base/bootstrap/scss/utilities/_shadows.scss
3e7cdb7eadea66c9cd46d6b268da6576;themes/base/bootstrap/scss/utilities/_sizing.scss
67455ff29fd9c079181dd0faf66c25ce;themes/base/bootstrap/scss/utilities/_spacing.scss
26d1a1fb32d45482e8703e17dce77065;themes/base/bootstrap/scss/utilities/_stretched-link.scss
83111d83a3ba26189f0bd58c6f6088f0;themes/base/bootstrap/scss/utilities/_text.scss
545510f15dee6de8164d514fcfe1ab52;themes/base/bootstrap/scss/utilities/_visibility.scss
15d8a3bf86425608d0732e28f24de35c;themes/base/bootstrap/scss/vendor/_rfs.scss
fb84ad8b37de08249a983c6a2a5addf3;themes/base/consent/_banner.scss
9561e5ea99db88ef568cf5d5a3915471;themes/base/consent/_base.scss
0ac364448a6653691383510a8fdce4b4;themes/base/consent/_components.scss
4d997ac9433c2dbe3bb9a26d73f78bc3;themes/base/consent/_functions.scss
c013ebea7ae91ee495f3ab05b0020819;themes/base/consent/_mixins.scss
657a84bbf26487a763e84562030d8897;themes/base/consent/_settings.scss
d1c4f041486b335f30475a603f7a90ed;themes/base/consent/_utilities.scss
8af5eb012b87e8a0837195bc54e4eebf;themes/base/consent/_variables.scss
fdba334651a092fe99312432a17b9a9e;themes/base/consent/components/_buttons.scss
620be815965c0f22fac2a99b1bdcdf31;themes/base/consent/components/_forms.scss
1960a9fea6d1f60bc62df6bab4466ad8;themes/base/consent/components/_modals.scss
3a7e9ac23b3208768f0e4a5343305c6d;themes/base/consent/consent.scss
1a4254b35520f050a0b2a69b43fd1382;themes/base/fileinput/fileinput.min.scss
ecd507b3125edc4d2a03aa6ae5d07da9;themes/base/fontawesome/css/all.min.css
a7e00e299e893e13566f27e02c9a851e;themes/base/fontawesome/metadata/categories.yml
ffa1e0ceade462dde3c359dc2cfd34de;themes/base/fontawesome/metadata/gen_metadata.php
a8828fc02e284b7ca896a515af0ad193;themes/base/fontawesome/metadata/icons.json
41be3c83f4f471c58af7a1f534c0cf83;themes/base/fontawesome/metadata/icons.php
b9e61f3f32457adf1b7e928d189b5fc5;themes/base/fontawesome/metadata/icons.yml
bfc4c4e5da2c9ce5e35b87c968d82c71;themes/base/fontawesome/metadata/shims.json
0751b5b3042aea96da318c860248fac5;themes/base/fontawesome/metadata/shims.yml
180c4edd41ba7e89791d8546300930ed;themes/base/fontawesome/metadata/sponsors.yml
992453b341bee5e9d63562bdf68bf5da;themes/base/fontawesome/scss/_animated.scss
7437104ba89f8110cf86ce53b8957f71;themes/base/fontawesome/scss/_bordered-pulled.scss
9061bcae24aff26604ed15c4698c2c93;themes/base/fontawesome/scss/_core.scss
07f828f9915da9b10bb8cd9e2d88864a;themes/base/fontawesome/scss/_fixed-width.scss
5da9b7cc5c8b46c4942a38967c90e970;themes/base/fontawesome/scss/_icons.scss
dd70b195f23b6aa62debdbaab018a75b;themes/base/fontawesome/scss/_larger.scss
07930141d534140cea5527018bdc726c;themes/base/fontawesome/scss/_list.scss
0afe8085c0595132fdbdb6d6742e225b;themes/base/fontawesome/scss/_mixins.scss
6e1bea010411d1f9eb845592299f2373;themes/base/fontawesome/scss/_rotated-flipped.scss
fa45b2d8ef7113ee7893ea60d7976e6c;themes/base/fontawesome/scss/_screen-reader.scss
fdfdc5df9072127c4b2098ad7aff62d7;themes/base/fontawesome/scss/_shims.scss
57a91421d33abf253865089a7d7ab8c6;themes/base/fontawesome/scss/_stacked.scss
a93a31f2578a8bb4c554c52a7ee1ee66;themes/base/fontawesome/scss/_variables.scss
b87506c73277a228e8cac6fb3853d4a8;themes/base/fontawesome/scss/brands.scss
e574afd746ed9a5d4ab3a257b03ebdf5;themes/base/fontawesome/scss/fontawesome.scss
3d8bc9e4412303f7567251d2f9df0146;themes/base/fontawesome/scss/regular.scss
9b86c451a2b853892c18889aace1f9d4;themes/base/fontawesome/scss/solid.scss
5b21d719e624b217e1e2cf608318dd53;themes/base/fontawesome/scss/v4-shims.scss
592643a83b8541edc52063d84c468700;themes/base/fontawesome/webfonts/fa-brands-400.eot
1d5619cd804367cefe6da2d79289218a;themes/base/fontawesome/webfonts/fa-brands-400.svg
513aa607d398efaccc559916c3431403;themes/base/fontawesome/webfonts/fa-brands-400.ttf
1a575a4138e5f366474f0e7c5bd614a5;themes/base/fontawesome/webfonts/fa-brands-400.woff
ed311c7a0ade9a75bb3ebf5a7670f31d;themes/base/fontawesome/webfonts/fa-brands-400.woff2
b0e2db3b634d1bc3928e127458d993d8;themes/base/fontawesome/webfonts/fa-regular-400.eot
c5d109be8edd3de0f60eb472bd9ef691;themes/base/fontawesome/webfonts/fa-regular-400.svg
766913e6c0088ab8c9f73e18b4127bc4;themes/base/fontawesome/webfonts/fa-regular-400.ttf
d1d7e3b4c219fde0f7376c6facfd7149;themes/base/fontawesome/webfonts/fa-regular-400.woff
b91d376b8d7646d671cd820950d5f7f1;themes/base/fontawesome/webfonts/fa-regular-400.woff2
0c6bfc668a72935760178f91327aed3a;themes/base/fontawesome/webfonts/fa-solid-900.eot
37bc7099f6f1ba80236164f22e905837;themes/base/fontawesome/webfonts/fa-solid-900.svg
b9625119ce4300f0ef890a8f3234c773;themes/base/fontawesome/webfonts/fa-solid-900.ttf
d745348d289b149026921f197929a893;themes/base/fontawesome/webfonts/fa-solid-900.woff
d824df7eb2e268626a2dd9a6a741ac4e;themes/base/fontawesome/webfonts/fa-solid-900.woff2
bbcd5bbb5993808a92df01a5dfef77cd;themes/base/fonts/montserrat/Montserrat-SemiBold.ttf
11fc71689da15c10498d83233c8cbb2e;themes/base/fonts/montserrat/Montserrat-SemiBold.woff2
9b5089e2084e7a0a80e3ea8ad870a260;themes/base/fonts/montserrat/Montserrat-SemiBoldItalic.ttf
ac4e1dce08c11e5ce48be38585107ba9;themes/base/fonts/montserrat/Montserrat-SemiBoldItalic.woff2
b5170b54aff412cfd0bed5aa23205738;themes/base/fonts/montserrat/OFL.txt
3b83ef96387f14655fc854ddc3c6bd57;themes/base/fonts/opensans/LICENSE.txt
7728dd9fbbce1c14cfbf8579d7a867a1;themes/base/fonts/opensans/open-sans-600.eot
e16f375be3c2a73b58255a02f6d3a9ce;themes/base/fonts/opensans/open-sans-600.svg
c062d7d188586db3c4cf61e1ae43b331;themes/base/fonts/opensans/open-sans-600.ttf
1cd5320f8937d337b61d5117cf9d7b28;themes/base/fonts/opensans/open-sans-600.woff
223a277bd88d8a90c8cdf24cda0ad5f5;themes/base/fonts/opensans/open-sans-600.woff2
148a6749baa5f658a45183ddb5ee159f;themes/base/fonts/opensans/open-sans-700.eot
2e00b2635b51ba336b4b67a5d0bc03c7;themes/base/fonts/opensans/open-sans-700.svg
7e08cc656863d52bcb5cd34805ac605b;themes/base/fonts/opensans/open-sans-700.ttf
623e3205570002af47fc2b88f9335d19;themes/base/fonts/opensans/open-sans-700.woff
d08c09f2f169f4a6edbcf8b8d1636cb4;themes/base/fonts/opensans/open-sans-700.woff2
9dce7f01715340861bdb57318e2f3fdc;themes/base/fonts/opensans/open-sans-regular.eot
7aab4c13671282c90669eb6a10357e41;themes/base/fonts/opensans/open-sans-regular.svg
c045b73d86803686f4cd1cc3f9ceba59;themes/base/fonts/opensans/open-sans-regular.ttf
bf2d0783515b7d75c35bde69e01b3135;themes/base/fonts/opensans/open-sans-regular.woff
cffb686d7d2f4682df8342bd4d276e09;themes/base/fonts/opensans/open-sans-regular.woff2
f6ea751e936ade6edcd03a26b8153b4a;themes/base/fonts/poppins/Poppins-Light.ttf
8b6af8e5e8324edfd77af8b3b35d7f9c;themes/base/fonts/poppins/Poppins-Regular.ttf
4cdacb8f89d588d69e8570edcbe49507;themes/base/fonts/poppins/Poppins-SemiBold.ttf
7802d8b27fcb19893ce6b38c0789268e;themes/base/fonts/raleway/Raleway-Bold.ttf
2ec8557460d3a2cd7340b16ac84fce32;themes/base/fonts/raleway/Raleway-Medium.ttf
75b4247fdd3b97d0e3b8e07b115673c2;themes/base/fonts/raleway/Raleway-Regular.ttf
f7788df7c040d1c0e607e79b34b815da;themes/base/images/backgrounds/background_arktis.jpg
a3e0eecd6cf2a49a365e4272f80be6ff;themes/base/images/backgrounds/background_berge.jpg
8fc823569fafda7f0a5fed7bca0bfb98;themes/base/images/backgrounds/background_buero.jpg
ee97ac37924be2665a869a93c9d327e1;themes/base/images/backgrounds/background_feld.jpg
1b576377fa232abfb286e26291153c26;themes/base/images/backgrounds/background_hoehle.jpg
14fe87ecc1d790e7ef9e69da82e0dd9e;themes/base/images/backgrounds/background_meer-1.jpg
6a8516d6e62da753c1f8951570b6a651;themes/base/images/backgrounds/background_meer-2.jpg
b6147b0dcc61653828bd1309120fdf43;themes/base/images/backgrounds/background_meer-3.jpg
2c42d229484f3d941563bc77bfc5b7e8;themes/base/images/backgrounds/background_sonnenuntergang-1.jpg
09477f0a6c757fce66c27cccbc119de5;themes/base/images/backgrounds/background_sonnenuntergang-2.jpg
ab4598ffb4b1d41fa76700a6daf143c6;themes/base/images/backgrounds/background_sterne.jpg
506ae62bd0db50edc2c7c086c82c21ce;themes/base/images/backgrounds/background_vulkan.jpg
e79a48f32aa528013a3e83a5928935c7;themes/base/images/backgrounds/background_wolken.jpg
e41450c8d5f9936a9c950351670e1bbe;themes/base/images/compare.svg
ee3b8dba70c65d7e4299028cfb52d6f7;themes/base/images/delete.svg
9dff1dd0e43c0b0aebcc93ca0556d3e9;themes/base/images/icon_cart.svg
3581c0eb3ee417ea21b4127064b9ad89;themes/base/images/icon_heart.svg
e4e97f39b00be40447d030c059a0ef83;themes/base/images/icon_list.svg
daa67a997edda995ecb43bc488ccce58;themes/base/images/icon_user.svg
c1b41a2b293eddc4cab076625bd4c651;themes/base/images/jtl_white.png
7683add36a0c205a7d21745d15af141f;themes/base/images/loader.gif
e5ad074b7969cc386b387f08dba4fcec;themes/base/images/loading-sm.gif
13630905267b809161e71d0f8a0c017b;themes/base/images/loading.gif
875b25203b6b376054657c8880e092cb;themes/base/images/quickview.svg
f4fe5251f25ef2b625b1a53cd05e8f30;themes/base/images/search_icon.svg
a241c6fd6129be5b71e245173233a6eb;themes/base/images/showmore.svg
09b24f1a73b9eeb5cc62db7ec0b60bca;themes/base/images/slider/bar/arrows.png
acc66fce35a54d815a3aa3fd573cdd90;themes/base/images/slider/bar/bullets.png
dd6b7b0bf5c3af22499abc0a9ee1e1b2;themes/base/images/slider/bar/loading.gif
4d2ed50facf20fdc9206e65be96097d6;themes/base/images/slider/dark/arrows.png
208e649ac5a7e0daf2023e30d92f675e;themes/base/images/slider/dark/bullets.png
dd6b7b0bf5c3af22499abc0a9ee1e1b2;themes/base/images/slider/dark/loading.gif
09b24f1a73b9eeb5cc62db7ec0b60bca;themes/base/images/slider/default/arrows.png
acc66fce35a54d815a3aa3fd573cdd90;themes/base/images/slider/default/bullets.png
dd6b7b0bf5c3af22499abc0a9ee1e1b2;themes/base/images/slider/default/loading.gif
246c707d1243339b740fefe80a76fd00;themes/base/images/slider/light/arrows.png
8be81f8814c2ba9b2ab77264d3132aef;themes/base/images/slider/light/bullets.png
dd6b7b0bf5c3af22499abc0a9ee1e1b2;themes/base/images/slider/light/loading.gif
da9f2a0f436cf0352bffd6d791b62de5;themes/base/images/vote.svg
90925e4bf9461a7e5390b8268b9d2c4d;themes/base/images/wishlist.svg
880dcd865fd2dcbd5ae3f3d061c232a2;themes/base/nouislider.min.css
6e87dfbb46cad7fbf1690d320fd8b845;themes/base/sass/_account.scss
3a446b612f4fbeaa5d2eadeaf9b5a5d4;themes/base/sass/_base.scss
9c610307079e23e1099d2710d88cff46;themes/base/sass/_basket.scss
334d27b4abeb90f30b1a6265ef555c9b;themes/base/sass/_checkout.scss
39289f71ce764b88e2f40d601110c67d;themes/base/sass/_comparelist.scss
adbcd290b485736539940d7e972faf92;themes/base/sass/_contact.scss
ee53663e268bf58f39e41623e046977a;themes/base/sass/_fonts.scss
42782b940a92b9ebac0bb4991788809d;themes/base/sass/_footer.scss
2998efa3fb38c13db8b26697c65cd3c4;themes/base/sass/_functions.scss
215c94c49e8f291b50f675012b6f2015;themes/base/sass/_header.scss
d720b92cad2158e36fa3b96cdd07dede;themes/base/sass/_mixins.scss
422f9e34cd3e1422cad7b6cfc49a4769;themes/base/sass/_newsletter.scss
dc170d5d8a6fbfa7ee8968a380b6cc4a;themes/base/sass/_productdetails.scss
fba0a96b4fce3a1acf5af3b13ec11c0e;themes/base/sass/_productlist.scss
d20a7d64efe19d3c798b8b3469a010bf;themes/base/sass/_register.scss
975ad9cd6c2018b55b2a0f0b50a2ae0d;themes/base/sass/_selectionwizard.scss
2eacd7f70d4db8b2b87b93e329cb4760;themes/base/sass/_snippets.scss
b80a0b279209733fd28a06e2827c1c42;themes/base/sass/components/_badges.scss
788d02a9f37afced7ff9dd35a81cb962;themes/base/sass/components/_banner.scss
a096c2163a3c3371721142e011243a87;themes/base/sass/components/_boxes.scss
6e804a517726272d2ef6e40c70cc96be;themes/base/sass/components/_breadcrumbs.scss
e0a9a7f9dc347d410cad7773aa623a6e;themes/base/sass/components/_buttons.scss
a2dcf251a5c8f1f147b4d1702e4660c6;themes/base/sass/components/_cards.scss
a93c38ba6086f7d5bbab923e58120f31;themes/base/sass/components/_carousel.scss
67fe7f87d40219a05a0e045afc080309;themes/base/sass/components/_close.scss
3b067bb68c908ac35ae05f6fd54d72ed;themes/base/sass/components/_collapse.scss
11b4184b8358dee64be61ee5bc203787;themes/base/sass/components/_custom_forms.scss
9b2c9dc012b40ca67397bc9585e1561f;themes/base/sass/components/_dropdowns.scss
657cf20347a91bc529ed6b1b6eca46f3;themes/base/sass/components/_figures.scss
467f94273930893d70ffec8c46dcc802;themes/base/sass/components/_forms.scss
12284412e5163a3bca854a32d2946888;themes/base/sass/components/_grid.scss
86f04f4fe014684e141faace1fbe7ce5;themes/base/sass/components/_icons.scss
a4aca8bfe91a02db08333889402eaa06;themes/base/sass/components/_lists.scss
f5d4589b5872b20795c91950179df0b7;themes/base/sass/components/_modals.scss
5d9aedcc72d726b64465d6ad1124554a;themes/base/sass/components/_navs.scss
0169d1f8cb7a0029801e9fc00e91b58d;themes/base/sass/components/_newsbox.scss
b5b46bfbc5d033210ef2be82267a6929;themes/base/sass/components/_pagination.scss
ae35ba37e28403faedfb7d7d56c48e45;themes/base/sass/components/_productbox.scss
004dc9270b8f0fe4a38107c25fcd773d;themes/base/sass/components/_ribbons.scss
1609cb0f4f79c7a08855b100a94ec56b;themes/base/sass/components/_scrolltop.scss
ef0743b8cbaea67c60f1758ae64c746a;themes/base/sass/components/_slider.scss
97ef796072f9532ef265c692e7bd721c;themes/base/sass/components/_spinner.scss
a39113fde2fa6f8598bbdd732485d57d;themes/base/sass/components/_stepper.scss
fff400fcd47ef4805e11ceb137fdae2b;themes/base/sass/components/_tables.scss
5ec4a27f790f182e17151dd4508d1246;themes/base/sass/components/_tabs.scss
1a42d2b41e96e64b781e0476b1ac7722;themes/base/sass/components/_tooltip.scss
c30029d30f6d6a0d57cf395c70dc328c;themes/base/sass/components/_ui_slider.scss
27c93a88add0244ddd390a5c0bf03d2b;themes/base/sass/components/all.scss
0195f9ec4fb9261cba93aedbfa2f4d96;themes/base/sass/utilities/_all.scss
bf7a92434795e492817cc5f6758a8a6a;themes/base/sass/utilities/_borders.scss
3e2bc799fe1931185fccab0dc95204d0;themes/base/sass/utilities/_sizing.scss
fd1f84fccb0ad470f704f08bc5161122;themes/base/sass/utilities/_text.scss
9a3e18c512455f06d83ee42dfd57b56c;themes/base/sass/utilities/_zindex.scss
1e00bdb026c7f7808a8572c1d7cc94cf;themes/base/slick/slick-lightbox.css
0102f46374d9b263d458b23f702d2b64;themes/base/slick/slick.scss
1231571fe1d9d21b1ea3849c016bf0eb;themes/base/slider/slider.css
7da1b41592f039eecd65d604482c10e1;themes/base/wow/animate.css
086adcfaff52eb96c57ce24d300ffd41;themes/blackline/blackline.css
91466cd5e57abc9fbc7a1bfc9789b208;themes/blackline/blackline.css.map
e8f6c3741e928b7e85d39d85cca5de18;themes/blackline/blackline_crit.css
6de0dcee24b0274a24190155d08293d7;themes/blackline/sass/_allstyles.scss
6d3f56bb6c25940d375588a401eff1c4;themes/blackline/sass/_variables.scss
c1ba8796ffc127fa0fd879755c0c8fd8;themes/blackline/sass/blackline.scss
b3d4f598bd5047654481d9abd1dcdd69;themes/blackline/sass/blackline_crit.scss
adbff7a5e49b463af8a8b1c700fef134;themes/clear/clear.css
3022b9caf947ca2482fdf99033319142;themes/clear/clear.css.map
bbcf37bed0b949ae3fc8fdec75f36887;themes/clear/clear_crit.css
47dfd2051f730a6e2ac3731010245eec;themes/clear/sass/_allstyles.scss
153bbc38a103cb19ce3083375b101267;themes/clear/sass/_variables.scss
57baf6bfe88bc3fa276c97804371bcad;themes/clear/sass/clear.scss
b848eed9eb5bd04c90712d3a174e465c;themes/clear/sass/clear_crit.scss
bae830024b0e279fb9e5399c0c237fed;themes/midnight/midnight.css
9308fc19c65b242e43dec05ff0438f53;themes/midnight/midnight.css.map
a3fd9c4a3f2cfc323684581dff111a5b;themes/midnight/midnight_crit.css
47dfd2051f730a6e2ac3731010245eec;themes/midnight/sass/_allstyles.scss
c6d611ce7d95a1feb2e45e96f3bca890;themes/midnight/sass/_variables.scss
43191de5a5a5adfa9f75b006c5b3ca5e;themes/midnight/sass/midnight.scss
27b9fca249dbcd97e6bd325c7baa95c3;themes/midnight/sass/midnight_crit.scss
